insert ROL ([ID], [NOMBRE], [FECHA_CREACION]) values (1,'Proveedor',GETDATE())
insert ROL ([ID], [NOMBRE], [FECHA_CREACION]) values (2,'Consumidor',GETDATE())
insert ROL ([ID], [NOMBRE], [FECHA_CREACION]) values (3,'Administrador',GETDATE())

insert ESTADO ([ID],[NOMBRE]) values (1,'publicado')
insert ESTADO ([ID],[NOMBRE]) values (2,'bloqueado')
insert ESTADO ([ID],[NOMBRE]) values (3,'en borrador')

insert ITEM_PLATAFORMA ([ID],[ITEM_ACCESO],[ESTADO]) values (1,'Crear publicacion',1)
insert ITEM_PLATAFORMA ([ID],[ITEM_ACCESO],[ESTADO]) values (2,'Crear producto',1)
insert ITEM_PLATAFORMA ([ID],[ITEM_ACCESO],[ESTADO]) values (3,'Comprar',1)
insert ITEM_PLATAFORMA ([ID],[ITEM_ACCESO],[ESTADO]) values (4,'Evaluar',1)
insert ITEM_PLATAFORMA ([ID],[ITEM_ACCESO],[ESTADO]) values (5,'Consultar',1)
insert ITEM_PLATAFORMA ([ID],[ITEM_ACCESO],[ESTADO]) values (6,'Bloquear usuario',1)
insert ITEM_PLATAFORMA ([ID],[ITEM_ACCESO],[ESTADO]) values (7,'Bloquear publicacion',1)
insert ITEM_PLATAFORMA ([ID],[ITEM_ACCESO],[ESTADO]) values (8,'Bloquear producto',1)
insert ITEM_PLATAFORMA ([ID],[ITEM_ACCESO],[ESTADO]) values (9,'Revisar detalle compra',1)

insert ACCESO_ROL_ITEM ([ID],[ID_ROL],[ID_ITEM]) values (1,1,1)
insert ACCESO_ROL_ITEM ([ID],[ID_ROL],[ID_ITEM]) values (2,1,2)
insert ACCESO_ROL_ITEM ([ID],[ID_ROL],[ID_ITEM]) values (3,2,3)
insert ACCESO_ROL_ITEM ([ID],[ID_ROL],[ID_ITEM]) values (4,2,4)
insert ACCESO_ROL_ITEM ([ID],[ID_ROL],[ID_ITEM]) values (5,2,5)
insert ACCESO_ROL_ITEM ([ID],[ID_ROL],[ID_ITEM]) values (6,3,6)
insert ACCESO_ROL_ITEM ([ID],[ID_ROL],[ID_ITEM]) values (7,3,7)
insert ACCESO_ROL_ITEM ([ID],[ID_ROL],[ID_ITEM]) values (8,3,8)
insert ACCESO_ROL_ITEM ([ID],[ID_ROL],[ID_ITEM]) values (9,3,9)

insert USUARIO ([ID],[NOMBRE],[DIRECCION],[FECHA_NAC],[OCUPACION],[TELEFONO],[FECHA_CREACION],[ESTADO_ACTIVACION],[CONTRASENA]) 
values (1,'JUAN','PASAJE 1',getdate(),'trabajador','123',getdate(),1,'123456789')
insert USUARIO ([ID],[NOMBRE],[DIRECCION],[FECHA_NAC],[OCUPACION],[TELEFONO],[FECHA_CREACION],[ESTADO_ACTIVACION],[CONTRASENA]) 
values (2,'JOSE','PASAJE 1',getdate(),'trabajador','123',getdate(),1,'123456789')
insert USUARIO ([ID],[NOMBRE],[DIRECCION],[FECHA_NAC],[OCUPACION],[TELEFONO],[FECHA_CREACION],[ESTADO_ACTIVACION],[CONTRASENA]) 
values (3,'MIGUEL','PASAJE 1',getdate(),'trabajador','123',getdate(),1,'123456789')
insert USUARIO ([ID],[NOMBRE],[DIRECCION],[FECHA_NAC],[OCUPACION],[TELEFONO],[FECHA_CREACION],[ESTADO_ACTIVACION],[CONTRASENA]) 
values (4,'PEDRO','PASAJE 1',getdate(),'trabajador','123',getdate(),1,'123456789')
insert USUARIO ([ID],[NOMBRE],[DIRECCION],[FECHA_NAC],[OCUPACION],[TELEFONO],[FECHA_CREACION],[ESTADO_ACTIVACION],[CONTRASENA]) 
values (5,'PABLO','PASAJE 1',getdate(),'trabajador','123',getdate(),1,'123456789')
insert USUARIO ([ID],[NOMBRE],[DIRECCION],[FECHA_NAC],[OCUPACION],[TELEFONO],[FECHA_CREACION],[ESTADO_ACTIVACION],[CONTRASENA]) 
values (6,'CARLOS','PASAJE 1',getdate(),'trabajador','123',getdate(),1,'123456789')
insert USUARIO ([ID],[NOMBRE],[DIRECCION],[FECHA_NAC],[OCUPACION],[TELEFONO],[FECHA_CREACION],[ESTADO_ACTIVACION],[CONTRASENA]) 
values (7,'ANDRES','PASAJE 1',getdate(),'trabajador','123',getdate(),1,'123456789')
insert USUARIO ([ID],[NOMBRE],[DIRECCION],[FECHA_NAC],[OCUPACION],[TELEFONO],[FECHA_CREACION],[ESTADO_ACTIVACION],[CONTRASENA]) 
values (8,'GUILLERMO','PASAJE 1',getdate(),'trabajador','123',getdate(),1,'123456789')
insert USUARIO ([ID],[NOMBRE],[DIRECCION],[FECHA_NAC],[OCUPACION],[TELEFONO],[FECHA_CREACION],[ESTADO_ACTIVACION],[CONTRASENA]) 
values (9,'DANIEL','PASAJE 1',getdate(),'trabajador','123',getdate(),1,'123456789')
insert USUARIO ([ID],[NOMBRE],[DIRECCION],[FECHA_NAC],[OCUPACION],[TELEFONO],[FECHA_CREACION],[ESTADO_ACTIVACION],[CONTRASENA]) 
values (10,'JULIO','PASAJE 1',getdate(),'trabajador','123',getdate(),1,'123456789')
insert USUARIO ([ID],[NOMBRE],[DIRECCION],[FECHA_NAC],[OCUPACION],[TELEFONO],[FECHA_CREACION],[ESTADO_ACTIVACION],[CONTRASENA]) 
values (11,'RICARDO','PASAJE 1',getdate(),'trabajador','123',getdate(),1,'123456789')
insert USUARIO ([ID],[NOMBRE],[DIRECCION],[FECHA_NAC],[OCUPACION],[TELEFONO],[FECHA_CREACION],[ESTADO_ACTIVACION],[CONTRASENA]) 
values (12,'CLAUDIA','PASAJE 1',getdate(),'trabajador','123',getdate(),1,'123456789')
insert USUARIO ([ID],[NOMBRE],[DIRECCION],[FECHA_NAC],[OCUPACION],[TELEFONO],[FECHA_CREACION],[ESTADO_ACTIVACION],[CONTRASENA]) 
values (13,'FELIPE','PASAJE 1',getdate(),'trabajador','123',getdate(),1,'123456789')
insert USUARIO ([ID],[NOMBRE],[DIRECCION],[FECHA_NAC],[OCUPACION],[TELEFONO],[FECHA_CREACION],[ESTADO_ACTIVACION],[CONTRASENA]) 
values (14,'VICTOR','PASAJE 1',getdate(),'trabajador','123',getdate(),1,'123456789')
insert USUARIO ([ID],[NOMBRE],[DIRECCION],[FECHA_NAC],[OCUPACION],[TELEFONO],[FECHA_CREACION],[ESTADO_ACTIVACION],[CONTRASENA]) 
values (15,'OSCAR','PASAJE 1',getdate(),'trabajador','123',getdate(),1,'123456789')
insert USUARIO ([ID],[NOMBRE],[DIRECCION],[FECHA_NAC],[OCUPACION],[TELEFONO],[FECHA_CREACION],[ESTADO_ACTIVACION],[CONTRASENA]) 
values (16,'MARIA','PASAJE 1',getdate(),'trabajador','123',getdate(),1,'123456789')

insert ROL_USUARIO ([ID],[ID_USUARIO],[ID_ROL]) values (1,1,1)
insert ROL_USUARIO ([ID],[ID_USUARIO],[ID_ROL]) values (2,2,1)
insert ROL_USUARIO ([ID],[ID_USUARIO],[ID_ROL]) values (3,3,1)
insert ROL_USUARIO ([ID],[ID_USUARIO],[ID_ROL]) values (4,4,1)
insert ROL_USUARIO ([ID],[ID_USUARIO],[ID_ROL]) values (5,5,2)
insert ROL_USUARIO ([ID],[ID_USUARIO],[ID_ROL]) values (6,6,2)
insert ROL_USUARIO ([ID],[ID_USUARIO],[ID_ROL]) values (7,7,2)
insert ROL_USUARIO ([ID],[ID_USUARIO],[ID_ROL]) values (8,8,2)
insert ROL_USUARIO ([ID],[ID_USUARIO],[ID_ROL]) values (9,9,2)
insert ROL_USUARIO ([ID],[ID_USUARIO],[ID_ROL]) values (10,10,1)
insert ROL_USUARIO ([ID],[ID_USUARIO],[ID_ROL]) values (11,11,1)
insert ROL_USUARIO ([ID],[ID_USUARIO],[ID_ROL]) values (12,12,2)
insert ROL_USUARIO ([ID],[ID_USUARIO],[ID_ROL]) values (13,13,2)
insert ROL_USUARIO ([ID],[ID_USUARIO],[ID_ROL]) values (14,14,2)
insert ROL_USUARIO ([ID],[ID_USUARIO],[ID_ROL]) values (15,15,1)
insert ROL_USUARIO ([ID],[ID_USUARIO],[ID_ROL]) values (16,16,1)

insert PUBLICACION ([ID],[FECHA_CREACION],[ID_USUARIO],[ESTADO]) values (1,GETDATE(),1,1)
insert PUBLICACION ([ID],[FECHA_CREACION],[ID_USUARIO],[ESTADO]) values (2,GETDATE(),2,1)
insert PUBLICACION ([ID],[FECHA_CREACION],[ID_USUARIO],[ESTADO]) values (3,GETDATE(),3,1)
insert PUBLICACION ([ID],[FECHA_CREACION],[ID_USUARIO],[ESTADO]) values (4,GETDATE(),4,1)
insert PUBLICACION ([ID],[FECHA_CREACION],[ID_USUARIO],[ESTADO]) values (5,GETDATE(),10,1)
insert PUBLICACION ([ID],[FECHA_CREACION],[ID_USUARIO],[ESTADO]) values (6,GETDATE(),11,1)
insert PUBLICACION ([ID],[FECHA_CREACION],[ID_USUARIO],[ESTADO]) values (7,GETDATE(),1,1)
insert PUBLICACION ([ID],[FECHA_CREACION],[ID_USUARIO],[ESTADO]) values (8,GETDATE(),3,1)
insert PUBLICACION ([ID],[FECHA_CREACION],[ID_USUARIO],[ESTADO]) values (9,GETDATE(),10,1)
insert PUBLICACION ([ID],[FECHA_CREACION],[ID_USUARIO],[ESTADO]) values (10,GETDATE(),10,1)
insert PUBLICACION ([ID],[FECHA_CREACION],[ID_USUARIO],[ESTADO]) values (11,GETDATE(),11,1)
insert PUBLICACION ([ID],[FECHA_CREACION],[ID_USUARIO],[ESTADO]) values (12,GETDATE(),11,1)
insert PUBLICACION ([ID],[FECHA_CREACION],[ID_USUARIO],[ESTADO]) values (13,GETDATE(),15,1)

insert PRODUCTO ([ID],[NOMBRE],[ESTADO],[ID_PUBLICACION],[PRECIO],[DESCRIPCION]) 
values (1,'SILLA',1,1,9990,'SILLA COLOR MADERA')
insert PRODUCTO ([ID],[NOMBRE],[ESTADO],[ID_PUBLICACION],[PRECIO],[DESCRIPCION]) 
values (2,'COLLAR',1,2,9990,'COLLAR PARA PERRO')
insert PRODUCTO ([ID],[NOMBRE],[ESTADO],[ID_PUBLICACION],[PRECIO],[DESCRIPCION]) 
values (3,'PANTALON',1,3,9990,'PANTALON DE TELA NEGRO')
insert PRODUCTO ([ID],[NOMBRE],[ESTADO],[ID_PUBLICACION],[PRECIO],[DESCRIPCION]) 
values (4,'BOLSA BASURA',1,4,9990,'BOLSA BASURA GRANDE 100X90')
insert PRODUCTO ([ID],[NOMBRE],[ESTADO],[ID_PUBLICACION],[PRECIO],[DESCRIPCION]) 
values (5,'ANILLO',1,5,9990,'ANILLO DE PLATA 925')
insert PRODUCTO ([ID],[NOMBRE],[ESTADO],[ID_PUBLICACION],[PRECIO],[DESCRIPCION]) 
values (6,'JOYSTICK',1,6,9990,'JOYSTICK USB PARA PC')
insert PRODUCTO ([ID],[NOMBRE],[ESTADO],[ID_PUBLICACION],[PRECIO],[DESCRIPCION]) 
values (7,'MESA',1,7,9990,'MESA REDONDA COLOR BEIGE')
insert PRODUCTO ([ID],[NOMBRE],[ESTADO],[ID_PUBLICACION],[PRECIO],[DESCRIPCION]) 
values (8,'POLERA',1,8,9990,'POLERA CON ESTAMPADO TALLA L')
insert PRODUCTO ([ID],[NOMBRE],[ESTADO],[ID_PUBLICACION],[PRECIO],[DESCRIPCION]) 
values (9,'PULSERA',1,9,9990,'PULSERA DE ORO 18K')
insert PRODUCTO ([ID],[NOMBRE],[ESTADO],[ID_PUBLICACION],[PRECIO],[DESCRIPCION]) 
values (10,'COLLAR',1,10,9990,'COLLAR PLATA 925 CON MEDALLA')
insert PRODUCTO ([ID],[NOMBRE],[ESTADO],[ID_PUBLICACION],[PRECIO],[DESCRIPCION]) 
values (11,'MOUSE',1,11,9990,'MOUSE OPTICO NOTEBOOK')
insert PRODUCTO ([ID],[NOMBRE],[ESTADO],[ID_PUBLICACION],[PRECIO],[DESCRIPCION]) 
values (12,'TECLADO',1,12,9990,'TECLADO USB COLOR NEGRO')
insert PRODUCTO ([ID],[NOMBRE],[ESTADO],[ID_PUBLICACION],[PRECIO],[DESCRIPCION]) 
values (13,'PELOTA',1,13,9990,'PELOTA BASKETBALL')

insert COMPRA ([ID],[COSTO],[ID_USUARIO]) VALUES (1,49950,5)
insert COMPRA ([ID],[COSTO],[ID_USUARIO]) VALUES (2,9990,5)
insert COMPRA ([ID],[COSTO],[ID_USUARIO]) VALUES (3,59940,6)
insert COMPRA ([ID],[COSTO],[ID_USUARIO]) VALUES (4,189810,7)
insert COMPRA ([ID],[COSTO],[ID_USUARIO]) VALUES (5,99990,7)
insert COMPRA ([ID],[COSTO],[ID_USUARIO]) VALUES (6,19980,8)
insert COMPRA ([ID],[COSTO],[ID_USUARIO]) VALUES (7,19980,8)

insert DETALLE_COMPRA ([ID],[ID_PRODUCTO],[CANTIDAD],[FECHA_COMPRA],[ID_COMPRA]) values (1,1,4,getdate(),1)
insert DETALLE_COMPRA ([ID],[ID_PRODUCTO],[CANTIDAD],[FECHA_COMPRA],[ID_COMPRA]) values (2,7,1,GETDATE(),1)
insert DETALLE_COMPRA ([ID],[ID_PRODUCTO],[CANTIDAD],[FECHA_COMPRA],[ID_COMPRA]) values (3,11,1,GETDATE(),2)
insert DETALLE_COMPRA ([ID],[ID_PRODUCTO],[CANTIDAD],[FECHA_COMPRA],[ID_COMPRA]) values (4,3,3,GETDATE(),3)
insert DETALLE_COMPRA ([ID],[ID_PRODUCTO],[CANTIDAD],[FECHA_COMPRA],[ID_COMPRA]) values (5,8,3,GETDATE(),3)
insert DETALLE_COMPRA ([ID],[ID_PRODUCTO],[CANTIDAD],[FECHA_COMPRA],[ID_COMPRA]) values (6,5,10,GETDATE(),4)
insert DETALLE_COMPRA ([ID],[ID_PRODUCTO],[CANTIDAD],[FECHA_COMPRA],[ID_COMPRA]) values (7,9,5,GETDATE(),4)
insert DETALLE_COMPRA ([ID],[ID_PRODUCTO],[CANTIDAD],[FECHA_COMPRA],[ID_COMPRA]) values (8,10,4,GETDATE(),4)
insert DETALLE_COMPRA ([ID],[ID_PRODUCTO],[CANTIDAD],[FECHA_COMPRA],[ID_COMPRA]) values (9,5,10,GETDATE(),5)
insert DETALLE_COMPRA ([ID],[ID_PRODUCTO],[CANTIDAD],[FECHA_COMPRA],[ID_COMPRA]) values (10,6,2,GETDATE(),6)
insert DETALLE_COMPRA ([ID],[ID_PRODUCTO],[CANTIDAD],[FECHA_COMPRA],[ID_COMPRA]) values (11,1,2,GETDATE(),7)

insert PUNTUACION_USUARIO ([ID],[ID_USUARIO],[ID_USUARIO_CALIFICADO],[FECHA_PUNTUACION],[CALIFICACION],[FECHA_CALIFICACION])
values (1,5,1,'2020-07-01',5,'2020-07-02')
insert PUNTUACION_USUARIO ([ID],[ID_USUARIO],[ID_USUARIO_CALIFICADO],[FECHA_PUNTUACION],[CALIFICACION],[FECHA_CALIFICACION])
values (2,6,3,'2020-07-01',4,'2020-07-02')
insert PUNTUACION_USUARIO ([ID],[ID_USUARIO],[ID_USUARIO_CALIFICADO],[FECHA_PUNTUACION],[CALIFICACION],[FECHA_CALIFICACION])
values (3,7,10,'2020-07-01',4,'2020-07-02')
insert PUNTUACION_USUARIO ([ID],[ID_USUARIO],[ID_USUARIO_CALIFICADO],[FECHA_PUNTUACION],[CALIFICACION],[FECHA_CALIFICACION])
values (4,8,11,'2020-07-01',3,'2020-07-02')
insert PUNTUACION_USUARIO ([ID],[ID_USUARIO],[ID_USUARIO_CALIFICADO],[FECHA_PUNTUACION],[CALIFICACION],[FECHA_CALIFICACION])
values (5,8,1,'2020-07-01',5,'2020-07-02')

insert PUNTUACION_PRODUCTO ([ID],[ID_PRODUCTO],[ID_USUARIO],[COMENTARIO],[CALIFICACION],[FECHA_PUNTUACION_PRODUCTO],[FECHA_CALIFICACION]) 
values (1,1,5,'COMENTARIO',5,getdate(),getdate())
insert PUNTUACION_PRODUCTO ([ID],[ID_PRODUCTO],[ID_USUARIO],[COMENTARIO],[CALIFICACION],[FECHA_PUNTUACION_PRODUCTO],[FECHA_CALIFICACION]) 
values (2,7,5,'COMENTARIO',5,getdate(),getdate())
insert PUNTUACION_PRODUCTO ([ID],[ID_PRODUCTO],[ID_USUARIO],[COMENTARIO],[CALIFICACION],[FECHA_PUNTUACION_PRODUCTO],[FECHA_CALIFICACION]) 
values (3,11,5,'COMENTARIO',4,getdate(),getdate())
insert PUNTUACION_PRODUCTO ([ID],[ID_PRODUCTO],[ID_USUARIO],[COMENTARIO],[CALIFICACION],[FECHA_PUNTUACION_PRODUCTO],[FECHA_CALIFICACION]) 
values (4,3,6,'COMENTARIO',4,getdate(),getdate())
insert PUNTUACION_PRODUCTO ([ID],[ID_PRODUCTO],[ID_USUARIO],[COMENTARIO],[CALIFICACION],[FECHA_PUNTUACION_PRODUCTO],[FECHA_CALIFICACION]) 
values (5,8,6,'COMENTARIO',3,getdate(),getdate())
insert PUNTUACION_PRODUCTO ([ID],[ID_PRODUCTO],[ID_USUARIO],[COMENTARIO],[CALIFICACION],[FECHA_PUNTUACION_PRODUCTO],[FECHA_CALIFICACION]) 
values (6,10,7,'COMENTARIO',5,getdate(),getdate())
insert PUNTUACION_PRODUCTO ([ID],[ID_PRODUCTO],[ID_USUARIO],[COMENTARIO],[CALIFICACION],[FECHA_PUNTUACION_PRODUCTO],[FECHA_CALIFICACION]) 
values (7,5,7,'COMENTARIO',5,getdate(),getdate())
insert PUNTUACION_PRODUCTO ([ID],[ID_PRODUCTO],[ID_USUARIO],[COMENTARIO],[CALIFICACION],[FECHA_PUNTUACION_PRODUCTO],[FECHA_CALIFICACION]) 
values (8,1,8,'COMENTARIO',5,getdate(),getdate())
insert PUNTUACION_PRODUCTO ([ID],[ID_PRODUCTO],[ID_USUARIO],[COMENTARIO],[CALIFICACION],[FECHA_PUNTUACION_PRODUCTO],[FECHA_CALIFICACION]) 
values (9,6,8,'COMENTARIO',3,getdate(),getdate())

insert ACCESO_USUARIO ([ID],[ID_USUARIO],[FECHA_ACCESO],[ESTADO]) values (1,3,'2020-06-25',1)
insert ACCESO_USUARIO ([ID],[ID_USUARIO],[FECHA_ACCESO],[ESTADO]) values (2,2,'2020-06-25',1)
insert ACCESO_USUARIO ([ID],[ID_USUARIO],[FECHA_ACCESO],[ESTADO]) values (3,10,'2020-06-25',1)
insert ACCESO_USUARIO ([ID],[ID_USUARIO],[FECHA_ACCESO],[ESTADO]) values (4,13,'2020-06-25',1)
insert ACCESO_USUARIO ([ID],[ID_USUARIO],[FECHA_ACCESO],[ESTADO]) values (5,1,'2020-06-25',1)
insert ACCESO_USUARIO ([ID],[ID_USUARIO],[FECHA_ACCESO],[ESTADO]) values (6,7,'2020-06-25',1)
insert ACCESO_USUARIO ([ID],[ID_USUARIO],[FECHA_ACCESO],[ESTADO]) values (7,8,'2020-06-25',1)
insert ACCESO_USUARIO ([ID],[ID_USUARIO],[FECHA_ACCESO],[ESTADO]) values (8,9,'2020-06-25',1)
insert ACCESO_USUARIO ([ID],[ID_USUARIO],[FECHA_ACCESO],[ESTADO]) values (9,3,'2020-06-30',1)
insert ACCESO_USUARIO ([ID],[ID_USUARIO],[FECHA_ACCESO],[ESTADO]) values (10,4,'2020-06-25',1)
insert ACCESO_USUARIO ([ID],[ID_USUARIO],[FECHA_ACCESO],[ESTADO]) values (11,5,'2020-06-25',1)
insert ACCESO_USUARIO ([ID],[ID_USUARIO],[FECHA_ACCESO],[ESTADO]) values (12,1,'2020-06-28',1)
insert ACCESO_USUARIO ([ID],[ID_USUARIO],[FECHA_ACCESO],[ESTADO]) values (13,11,'2020-06-25',1)
insert ACCESO_USUARIO ([ID],[ID_USUARIO],[FECHA_ACCESO],[ESTADO]) values (14,12,'2020-06-25',1)
insert ACCESO_USUARIO ([ID],[ID_USUARIO],[FECHA_ACCESO],[ESTADO]) values (15,3,'2020-06-21',1)
insert ACCESO_USUARIO ([ID],[ID_USUARIO],[FECHA_ACCESO],[ESTADO]) values (16,3,'2020-07-01',1)

insert CONSULTA ([ID],[TEXTO],[FECHA_CONSULTA],[ESTADO],[ID_USUARIO],[ID_PRODUCTO]) 
values (1,'COLOR DE LA SILLA','2020-06-01',1,5,1)
insert CONSULTA ([ID],[TEXTO],[FECHA_CONSULTA],[ESTADO],[ID_USUARIO],[ID_PRODUCTO]) 
values (2,'DIMENSIONES DE LA MESA','2020-06-01',1,5,7)
insert CONSULTA ([ID],[TEXTO],[FECHA_CONSULTA],[ESTADO],[ID_USUARIO],[ID_PRODUCTO]) 
values (3,'TALLA DEL PANTALON','2020-06-10',1,6,3)
insert CONSULTA ([ID],[TEXTO],[FECHA_CONSULTA],[ESTADO],[ID_USUARIO],[ID_PRODUCTO]) 
values (4,'COLORES DIFERENTES','2020-06-11',1,6,8)
insert CONSULTA ([ID],[TEXTO],[FECHA_CONSULTA],[ESTADO],[ID_USUARIO],[ID_PRODUCTO]) 
values (5,'LARGO DEL CABLE','2020-06-02',1,5,11)
insert CONSULTA ([ID],[TEXTO],[FECHA_CONSULTA],[ESTADO],[ID_USUARIO],[ID_PRODUCTO]) 
values (6,'LARGO DEL COLLAR','2020-06-15',1,7,10)
insert CONSULTA ([ID],[TEXTO],[FECHA_CONSULTA],[ESTADO],[ID_USUARIO],[ID_PRODUCTO]) 
values (7,'DIAMETRO INTERNO DEL ANILLO','2020-06-15',1,7,5)
insert CONSULTA ([ID],[TEXTO],[FECHA_CONSULTA],[ESTADO],[ID_USUARIO],[ID_PRODUCTO]) 
values (8,'CANTIDAD DE BOLSAS EN PAQUETE','2020-06-15',1,7,4)
insert CONSULTA ([ID],[TEXTO],[FECHA_CONSULTA],[ESTADO],[ID_USUARIO],[ID_PRODUCTO]) 
values (9,'VENDES AL POR MAYOR','2020-06-02',1,7,10)
insert CONSULTA ([ID],[TEXTO],[FECHA_CONSULTA],[ESTADO],[ID_USUARIO],[ID_PRODUCTO]) 
values (10,'COLORES DEL JOYSTICK','2020-06-17',1,8,6)
insert CONSULTA ([ID],[TEXTO],[FECHA_CONSULTA],[ESTADO],[ID_USUARIO],[ID_PRODUCTO]) 
values (11,'ALTURA SILLA','2020-06-17',1,8,1)

insert CATEGORIA ([ID],[TIPO],[NOMBRE]) values (1,'MUEBLES','MUEBLES')
insert CATEGORIA ([ID],[TIPO],[NOMBRE]) values (2,'JOYAS','JOYAS')
insert CATEGORIA ([ID],[TIPO],[NOMBRE]) values (3,'VESTUARIO','VESTUARIO')
insert CATEGORIA ([ID],[TIPO],[NOMBRE]) values (4,'ARTICULOS DE ASEO','ARTICULO DE ASEO')
insert CATEGORIA ([ID],[TIPO],[NOMBRE]) values (5,'COMPUTACION','COMPUTACION')
insert CATEGORIA ([ID],[TIPO],[NOMBRE]) values (6,'ARTICULOS DEPORTE','ARTICULOS DEPORTE')

insert CATEGORIA_PRODUCTO ([ID],[ID_PRODUCTO],[ID_CATEGORIA]) values (1,1,1)
insert CATEGORIA_PRODUCTO ([ID],[ID_PRODUCTO],[ID_CATEGORIA]) values (2,2,2)
insert CATEGORIA_PRODUCTO ([ID],[ID_PRODUCTO],[ID_CATEGORIA]) values (3,3,3)
insert CATEGORIA_PRODUCTO ([ID],[ID_PRODUCTO],[ID_CATEGORIA]) values (4,4,4)
insert CATEGORIA_PRODUCTO ([ID],[ID_PRODUCTO],[ID_CATEGORIA]) values (5,5,2)
insert CATEGORIA_PRODUCTO ([ID],[ID_PRODUCTO],[ID_CATEGORIA]) values (6,6,5)
insert CATEGORIA_PRODUCTO ([ID],[ID_PRODUCTO],[ID_CATEGORIA]) values (7,7,1)
insert CATEGORIA_PRODUCTO ([ID],[ID_PRODUCTO],[ID_CATEGORIA]) values (8,8,3)
insert CATEGORIA_PRODUCTO ([ID],[ID_PRODUCTO],[ID_CATEGORIA]) values (9,9,2)
insert CATEGORIA_PRODUCTO ([ID],[ID_PRODUCTO],[ID_CATEGORIA]) values (10,10,2)
insert CATEGORIA_PRODUCTO ([ID],[ID_PRODUCTO],[ID_CATEGORIA]) values (11,11,5)
insert CATEGORIA_PRODUCTO ([ID],[ID_PRODUCTO],[ID_CATEGORIA]) values (12,12,5)
insert CATEGORIA_PRODUCTO ([ID],[ID_PRODUCTO],[ID_CATEGORIA]) values (13,13,6)

